timestamp_s,mission_phase,throttle_pct,altitude_ft,ambient_temperature_c,ambient_pressure_kpa,air_density_kg_m3,engine_load_pct,rpm,cht_c,egt_c,oil_pressure_bar,oil_temperature_c,fuel_flow_lph,injection_timing_deg,vibration_mm_s,battery_voltage_v,alternator_current_a,fault_type,fault_severity,cooling_health,injector_health,lubrication_health,mechanical_health,misfire_severity
0.0,TAKEOFF,85.0,0.0,30.0,101.325,1.1644,60.25,2701.12,79.17,403.8,3.357,69.72,20.784,25.746,1.3,24.251,16.537,COOLING_DEGRADATION,0.0,1.0,1.0,1.0,1.0,0.0
0.1,TAKEOFF,85.02,2.5,30.0,101.316,1.1643,60.26,2891.15,80.12,406.77,3.503,70.2,20.737,25.675,1.241,24.278,16.8,COOLING_DEGRADATION,0.0,1.0,1.0,1.0,1.0,0.0
0.2,TAKEOFF,85.03,5.0,29.99,101.307,1.1642,60.27,3072.36,79.8,409.36,3.62,69.66,20.89,25.755,1.253,24.351,16.768,COOLING_DEGRADATION,0.0,1.0,1.0,1.0,1.0,0.0
0.3,TAKEOFF,85.05,7.5,29.98,101.298,1.1641,60.28,3251.07,80.17,408.31,3.7,70.32,20.833,25.71,1.282,24.348,16.941,COOLING_DEGRADATION,0.0,1.0,1.0,1.0,1.0,0.0
0.4,TAKEOFF,85.07,10.0,29.98,101.288,1.1641,60.29,3414.78,79.66,411.36,3.75,69.79,20.793,25.855,1.247,24.445,16.958,COOLING_DEGRADATION,0.0,1.0,1.0,1.0,1.0,0.0
0.5,TAKEOFF,85.08,12.5,29.98,101.279,1.164,60.3,3563.55,80.04,416.46,3.825,69.46,20.818,25.711,1.337,24.515,16.909,COOLING_DEGRADATION,0.0,1.0,1.0,1.0,1.0,0.0
0.6,TAKEOFF,85.1,15.0,29.97,101.27,1.1639,60.31,3711.23,80.75,416.96,3.89,69.63,20.932,25.75,1.389,24.489,17.117,COOLING_DEGRADATION,0.0,1.0,1.0,1.0,1.0,0.0
0.7,TAKEOFF,85.12,17.5,29.96,101.261,1.1638,60.33,3860.04,81.15,421.01,3.961,69.63,20.674,25.735,1.31,24.447,17.22,COOLING_DEGRADATION,0.0,1.0,1.0,1.0,1.0,0.0
0.8,TAKEOFF,85.13,20.0,29.96,101.252,1.1637,60.34,3995.32,81.06,424.91,4.018,69.37,20.814,25.749,1.409,24.481,17.24,COOLING_DEGRADATION,0.0,1.0,1.0,1.0,1.0,0.0
0.9,TAKEOFF,85.15,22.5,29.95,101.243,1.1636,60.35,4110.98,80.88,426.95,4.11,69.77,20.881,25.753,1.301,24.454,17.498,COOLING_DEGRADATION,0.0,1.0,1.0,1.0,1.0,0.0
1.0,TAKEOFF,85.17,25.0,29.95,101.234,1.1635,60.36,4234.22,80.56,428.83,4.167,69.57,20.882,25.674,1.453,24.412,17.327,COOLING_DEGRADATION,0.0,1.0,1.0,1.0,1.0,0.0
1.1,TAKEOFF,85.18,27.5,29.95,101.224,1.1635,60.37,4354.29,80.51,431.26,4.232,69.87,20.725,25.662,1.459,24.465,17.653,COOLING_DEGRADATION,0.0,1.0,1.0,1.0,1.0,0.0
1.2,TAKEOFF,85.2,30.0,29.94,101.215,1.1634,60.38,4463.74,80.59,432.04,4.327,70.37,20.813,25.686,1.522,24.52,17.492,COOLING_DEGRADATION,0.0,1.0,1.0,1.0,1.0,0.0
1.3,TAKEOFF,85.22,32.5,29.93,101.206,1.1633,60.39,4566.86,80.17,438.22,4.326,70.2,20.837,25.749,1.455,24.525,17.604,COOLING_DEGRADATION,0.0,1.0,1.0,1.0,1.0,0.0
1.4,TAKEOFF,85.23,35.0,29.93,101.197,1.1632,60.4,4656.08,80.5,439.64,4.362,69.64,20.958,25.642,1.483,24.638,17.635,COOLING_DEGRADATION,0.0,1.0,1.0,1.0,1.0,0.0
1.5,TAKEOFF,85.25,37.5,29.93,101.188,1.1631,60.41,4749.49,78.8,438.8,4.449,69.99,20.669,25.637,1.4,24.537,17.649,COOLING_DEGRADATION,0.0,1.0,1.0,1.0,1.0,0.0
1.6,TAKEOFF,85.27,40.0,29.92,101.179,1.163,60.42,4840.3,79.16,441.2,4.483,69.41,20.713,25.761,1.474,24.571,17.735,COOLING_DEGRADATION,0.0,1.0,1.0,1.0,1.0,0.0
1.7,TAKEOFF,85.28,42.5,29.91,101.17,1.1629,60.43,4929.65,80.42,443.3,4.499,69.37,20.935,25.701,1.499,24.553,17.779,COOLING_DEGRADATION,0.0,1.0,1.0,1.0,1.0,0.0
1.8,TAKEOFF,85.3,45.0,29.91,101.16,1.1629,60.45,5017.07,79.9,441.81,4.577,69.77,20.844,25.634,1.484,24.612,17.88,COOLING_DEGRADATION,0.0,1.0,1.0,1.0,1.0,0.0
1.9,TAKEOFF,85.32,47.5,29.91,101.151,1.1628,60.46,5077.08,79.41,446.65,4.564,69.71,20.974,25.736,1.47,24.709,17.872,COOLING_DEGRADATION,0.0,1.0,1.0,1.0,1.0,0.0
2.0,TAKEOFF,85.33,50.0,29.9,101.142,1.1627,60.47,5158.44,80.27,450.03,4.687,69.96,20.921,25.706,1.518,24.639,17.598,COOLING_DEGRADATION,0.0,1.0,1.0,1.0,1.0,0.0
2.1,TAKEOFF,85.35,52.5,29.89,101.133,1.1626,60.48,5228.04,80.73,452.06,4.665,70.1,20.864,25.673,1.548,24.52,17.829,COOLING_DEGRADATION,0.0,1.0,1.0,1.0,1.0,0.0
2.2,TAKEOFF,85.37,55.0,29.89,101.124,1.1625,60.49,5279.43,81.18,452.02,4.65,69.86,20.831,25.705,1.504,24.622,17.782,COOLING_DEGRADATION,0.0,1.0,1.0,1.0,1.0,0.0
2.3,TAKEOFF,85.38,57.5,29.89,101.115,1.1624,60.5,5362.83,80.7,455.4,4.751,69.71,20.881,25.734,1.55,24.547,17.875,COOLING_DEGRADATION,0.0,1.0,1.0,1.0,1.0,0.0
2.4,TAKEOFF,85.4,60.0,29.88,101.106,1.1623,60.51,5419.5,79.62,456.7,4.782,69.4,20.81,25.718,1.61,24.65,17.675,COOLING_DEGRADATION,0.0,1.0,1.0,1.0,1.0,0.0
2.5,TAKEOFF,85.42,62.5,29.88,101.096,1.1623,60.52,5464.2,80.05,458.54,4.856,70.01,20.961,25.671,1.518,24.51,17.718,COOLING_DEGRADATION,0.0,1.0,1.0,1.0,1.0,0.0
2.6,TAKEOFF,85.43,65.0,29.87,101.087,1.1622,60.53,5525.08,79.75,460.51,4.81,69.83,20.886,25.777,1.516,24.61,17.814,COOLING_DEGRADATION,0.0,1.0,1.0,1.0,1.0,0.0
2.7,TAKEOFF,85.45,67.5,29.86,101.078,1.1621,60.54,5563.82,80.37,463.46,4.837,69.87,20.815,25.705,1.477,24.549,18.005,COOLING_DEGRADATION,0.0,1.0,1.0,1.0,1.0,0.0
2.8,TAKEOFF,85.47,70.0,29.86,101.069,1.162,60.55,5615.96,80.0,467.61,4.86,69.92,21.203,25.647,1.48,24.616,18.006,COOLING_DEGRADATION,0.0,1.0,1.0,1.0,1.0,0.0
2.9,TAKEOFF,85.48,72.5,29.86,101.06,1.1619,60.56,5666.38,80.06,467.32,4.911,69.68,20.908,25.705,1.621,24.636,18.029,COOLING_DEGRADATION,0.0,1.0,1.0,1.0,1.0,0.0
3.0,TAKEOFF,85.5,75.0,29.85,101.051,1.1618,60.58,5710.8,80.38,469.36,4.934,69.49,20.86,25.727,1.607,24.473,17.685,COOLING_DEGRADATION,0.0,1.0,1.0,1.0,1.0,0.0
3.1,TAKEOFF,85.52,77.5,29.84,101.042,1.1617,60.59,5757.17,80.28,470.14,4.944,69.55,20.923,25.714,1.61,24.553,17.77,COOLING_DEGRADATION,0.0,1.0,1.0,1.0,1.0,0.0
3.2,TAKEOFF,85.53,80.0,29.84,101.032,1.1616,60.6,5791.54,79.64,471.28,4.983,69.84,20.978,25.707,1.594,24.6,17.707,COOLING_DEGRADATION,0.0,1.0,1.0,1.0,1.0,0.0
3.3,TAKEOFF,85.55,82.5,29.84,101.023,1.1616,60.61,5827.16,79.14,471.7,4.942,69.92,20.974,25.698,1.549,24.534,17.924,COOLING_DEGRADATION,0.0,1.0,1.0,1.0,1.0,0.0
3.4,TAKEOFF,85.57,85.0,29.83,101.014,1.1615,60.62,5870.52,80.58,475.12,4.994,69.78,20.95,25.746,1.631,24.51,18.022,COOLING_DEGRADATION,0.0,1.0,1.0,1.0,1.0,0.0
3.5,TAKEOFF,85.58,87.5,29.82,101.005,1.1614,60.63,5904.2,79.97,478.5,5.094,70.09,21.028,25.761,1.53,24.562,17.797,COOLING_DEGRADATION,0.0,1.0,1.0,1.0,1.0,0.0
3.6,TAKEOFF,85.6,90.0,29.82,100.996,1.1613,60.64,5929.86,79.83,480.17,5.079,69.63,20.783,25.624,1.53,24.62,17.794,COOLING_DEGRADATION,0.0,1.0,1.0,1.0,1.0,0.0
3.7,TAKEOFF,85.62,92.5,29.82,100.987,1.1612,60.65,5962.23,79.03,482.93,5.088,69.59,20.828,25.755,1.61,24.607,17.818,COOLING_DEGRADATION,0.0,1.0,1.0,1.0,1.0,0.0
3.8,TAKEOFF,85.63,95.0,29.81,100.978,1.1611,60.66,5978.3,80.2,481.27,5.082,69.73,20.924,25.741,1.531,24.617,17.921,COOLING_DEGRADATION,0.0,1.0,1.0,1.0,1.0,0.0
3.9,TAKEOFF,85.65,97.5,29.8,100.969,1.161,60.67,6022.71,80.91,486.29,5.08,69.21,20.865,25.729,1.593,24.507,17.796,COOLING_DEGRADATION,0.0,1.0,1.0,1.0,1.0,0.0
4.0,TAKEOFF,85.67,100.0,29.8,100.959,1.161,60.68,6041.76,79.62,488.52,5.106,69.53,20.936,25.736,1.605,24.663,17.828,COOLING_DEGRADATION,0.0,1.0,1.0,1.0,1.0,0.0
4.1,TAKEOFF,85.68,102.5,29.8,100.95,1.1609,60.69,6072.93,80.57,488.79,5.122,69.35,21.147,25.735,1.562,24.654,17.793,COOLING_DEGRADATION,0.0,1.0,1.0,1.0,1.0,0.0
4.2,TAKEOFF,85.7,105.0,29.79,100.941,1.1608,60.71,6101.51,80.11,490.1,5.126,69.52,20.966,25.656,1.562,24.611,17.717,COOLING_DEGRADATION,0.0,1.0,1.0,1.0,1.0,0.0
4.3,TAKEOFF,85.72,107.5,29.79,100.932,1.1607,60.72,6114.99,80.79,489.68,5.147,69.88,20.909,25.608,1.553,24.609,18.044,COOLING_DEGRADATION,0.0,1.0,1.0,1.0,1.0,0.0
4.4,TAKEOFF,85.73,110.0,29.78,100.923,1.1606,60.73,6152.42,79.86,494.13,5.078,69.4,20.878,25.692,1.573,24.613,17.768,COOLING_DEGRADATION,0.0,1.0,1.0,1.0,1.0,0.0
4.5,TAKEOFF,85.75,112.5,29.77,100.914,1.1605,60.74,6160.3,80.63,493.08,5.138,69.52,20.889,25.753,1.605,24.591,17.79,COOLING_DEGRADATION,0.0,1.0,1.0,1.0,1.0,0.0
4.6,TAKEOFF,85.77,115.0,29.77,100.905,1.1604,60.75,6183.8,80.2,491.01,5.184,69.56,20.903,25.756,1.689,24.63,17.874,COOLING_DEGRADATION,0.0,1.0,1.0,1.0,1.0,0.0
4.7,TAKEOFF,85.78,117.5,29.77,100.896,1.1604,60.76,6196.89,80.99,495.4,5.186,69.79,20.964,25.688,1.66,24.622,17.932,COOLING_DEGRADATION,0.0,1.0,1.0,1.0,1.0,0.0
4.8,TAKEOFF,85.8,120.0,29.76,100.887,1.1603,60.77,6219.89,79.63,499.24,5.251,69.4,20.872,25.797,1.61,24.663,17.736,COOLING_DEGRADATION,0.0,1.0,1.0,1.0,1.0,0.0
4.9,TAKEOFF,85.82,122.5,29.75,100.877,1.1602,60.78,6234.39,79.5,499.37,5.151,69.83,20.981,25.698,1.575,24.676,17.72,COOLING_DEGRADATION,0.0,1.0,1.0,1.0,1.0,0.0
5.0,TAKEOFF,85.83,125.0,29.75,100.868,1.1601,60.79,6257.69,79.82,498.9,5.205,68.98,21.164,25.633,1.574,24.573,17.779,COOLING_DEGRADATION,0.0,1.0,1.0,1.0,1.0,0.0
5.1,TAKEOFF,85.85,127.5,29.75,100.859,1.16,60.8,6268.24,78.94,501.17,5.242,69.59,20.856,25.77,1.683,24.633,17.68,COOLING_DEGRADATION,0.0,1.0,1.0,1.0,1.0,0.0
5.2,TAKEOFF,85.87,130.0,29.74,100.85,1.1599,60.81,6286.64,80.72,503.82,5.235,69.36,21.005,25.684,1.684,24.57,17.792,COOLING_DEGRADATION,0.0,1.0,1.0,1.0,1.0,0.0
5.3,TAKEOFF,85.88,132.5,29.73,100.841,1.1598,60.82,6292.02,80.39,504.18,5.21,69.6,20.791,25.721,1.628,24.589,17.868,COOLING_DEGRADATION,0.0,1.0,1.0,1.0,1.0,0.0
5.4,TAKEOFF,85.9,135.0,29.73,100.832,1.1598,60.84,6303.68,80.78,505.85,5.277,69.9,20.982,25.712,1.627,24.692,17.857,COOLING_DEGRADATION,0.0,1.0,1.0,1.0,1.0,0.0
5.5,TAKEOFF,85.92,137.5,29.73,100.823,1.1597,60.85,6316.83,79.48,509.51,5.248,69.21,20.953,25.684,1.706,24.567,17.751,COOLING_DEGRADATION,0.0,1.0,1.0,1.0,1.0,0.0
5.6,TAKEOFF,85.93,140.0,29.72,100.814,1.1596,60.86,6339.08,79.82,511.11,5.278,69.22,21.079,25.693,1.578,24.7,17.987,COOLING_DEGRADATION,0.0,1.0,1.0,1.0,1.0,0.0
5.7,TAKEOFF,85.95,142.5,29.71,100.805,1.1595,60.87,6344.79,79.84,510.17,5.285,69.38,21.073,25.746,1.619,24.569,17.871,COOLING_DEGRADATION,0.0,1.0,1.0,1.0,1.0,0.0
5.8,TAKEOFF,85.97,145.0,29.71,100.795,1.1594,60.88,6350.71,79.66,511.91,5.241,69.78,21.09,25.679,1.514,24.641,18.085,COOLING_DEGRADATION,0.0,1.0,1.0,1.0,1.0,0.0
5.9,TAKEOFF,85.98,147.5,29.71,100.786,1.1593,60.89,6365.3,79.29,514.64,5.256,69.7,20.953,25.733,1.587,24.549,17.809,COOLING_DEGRADATION,0.0,1.0,1.0,1.0,1.0,0.0
6.0,TAKEOFF,86.0,150.0,29.7,100.777,1.1593,60.9,6370.69,79.68,513.55,5.311,69.17,21.104,25.678,1.718,24.611,17.976,COOLING_DEGRADATION,0.0,1.0,1.0,1.0,1.0,0.0
6.1,TAKEOFF,86.02,152.5,29.7,100.768,1.1592,60.91,6383.44,80.01,517.27,5.267,69.64,21.246,25.649,1.582,24.543,17.921,COOLING_DEGRADATION,0.0,1.0,1.0,1.0,1.0,0.0
6.2,TAKEOFF,86.03,155.0,29.69,100.759,1.1591,60.92,6396.8,80.24,517.02,5.316,69.43,21.118,25.682,1.549,24.693,17.892,COOLING_DEGRADATION,0.0,1.0,1.0,1.0,1.0,0.0
6.3,TAKEOFF,86.05,157.5,29.68,100.75,1.159,60.93,6409.71,80.12,519.26,5.292,69.38,20.879,25.674,1.659,24.653,17.846,COOLING_DEGRADATION,0.0,1.0,1.0,1.0,1.0,0.0
6.4,TAKEOFF,86.07,160.0,29.68,100.741,1.1589,60.94,6414.29,80.69,516.35,5.287,69.63,20.926,25.714,1.612,24.58,17.98,COOLING_DEGRADATION,0.0,1.0,1.0,1.0,1.0,0.0
6.5,TAKEOFF,86.08,162.5,29.68,100.732,1.1588,60.95,6425.21,80.0,521.26,5.349,69.34,21.012,25.713,1.686,24.679,17.828,COOLING_DEGRADATION,0.0,1.0,1.0,1.0,1.0,0.0
6.6,TAKEOFF,86.1,165.0,29.67,100.723,1.1587,60.96,6417.9,79.79,519.38,5.32,69.01,20.939,25.692,1.671,24.585,17.735,COOLING_DEGRADATION,0.0,1.0,1.0,1.0,1.0,0.0
6.7,TAKEOFF,86.12,167.5,29.66,100.714,1.1587,60.98,6435.63,80.37,523.64,5.318,69.43,20.929,25.714,1.637,24.574,17.892,COOLING_DEGRADATION,0.0,1.0,1.0,1.0,1.0,0.0
6.8,TAKEOFF,86.13,170.0,29.66,100.704,1.1586,60.99,6442.52,80.62,523.53,5.297,69.15,21.264,25.682,1.638,24.473,17.976,COOLING_DEGRADATION,0.0,1.0,1.0,1.0,1.0,0.0
6.9,TAKEOFF,86.15,172.5,29.66,100.695,1.1585,61.0,6451.62,80.77,525.76,5.343,69.49,21.037,25.635,1.647,24.607,17.931,COOLING_DEGRADATION,0.0,1.0,1.0,1.0,1.0,0.0
7.0,TAKEOFF,86.17,175.0,29.65,100.686,1.1584,61.01,6459.78,80.55,525.56,5.29,69.74,21.101,25.734,1.645,24.547,17.752,COOLING_DEGRADATION,0.0,1.0,1.0,1.0,1.0,0.0
7.1,TAKEOFF,86.18,177.5,29.64,100.677,1.1583,61.02,6459.21,80.51,529.69,5.339,69.55,20.978,25.659,1.625,24.628,17.977,COOLING_DEGRADATION,0.0,1.0,1.0,1.0,1.0,0.0
7.2,TAKEOFF,86.2,180.0,29.64,100.668,1.1582,61.03,6462.88,80.26,526.25,5.28,69.72,21.008,25.652,1.639,24.604,17.899,COOLING_DEGRADATION,0.0,1.0,1.0,1.0,1.0,0.0
7.3,TAKEOFF,86.22,182.5,29.64,100.659,1.1581,61.04,6466.06,78.75,528.34,5.33,69.1,21.13,25.71,1.641,24.563,18.16,COOLING_DEGRADATION,0.0,1.0,1.0,1.0,1.0,0.0
7.4,TAKEOFF,86.23,185.0,29.63,100.65,1.1581,61.05,6474.92,80.39,528.96,5.387,69.32,21.27,25.808,1.625,24.661,17.781,COOLING_DEGRADATION,0.0,1.0,1.0,1.0,1.0,0.0
7.5,TAKEOFF,86.25,187.5,29.62,100.641,1.158,61.06,6484.18,80.07,532.01,5.411,69.79,21.098,25.711,1.621,24.615,18.179,COOLING_DEGRADATION,0.0,1.0,1.0,1.0,1.0,0.0
7.6,TAKEOFF,86.27,190.0,29.62,100.632,1.1579,61.07,6481.71,79.83,532.16,5.367,68.88,21.056,25.77,1.659,24.623,17.999,COOLING_DEGRADATION,0.0,1.0,1.0,1.0,1.0,0.0
7.7,TAKEOFF,86.28,192.5,29.62,100.623,1.1578,61.08,6488.82,79.99,534.57,5.3,69.5,21.262,25.664,1.653,24.686,17.872,COOLING_DEGRADATION,0.0,1.0,1.0,1.0,1.0,0.0
7.8,TAKEOFF,86.3,195.0,29.61,100.613,1.1577,61.09,6494.18,79.52,537.16,5.351,69.86,21.005,25.707,1.652,24.689,17.896,COOLING_DEGRADATION,0.0,1.0,1.0,1.0,1.0,0.0
7.9,TAKEOFF,86.32,197.5,29.61,100.604,1.1576,61.11,6492.07,80.04,534.94,5.336,69.13,21.132,25.742,1.56,24.614,17.926,COOLING_DEGRADATION,0.0,1.0,1.0,1.0,1.0,0.0
8.0,TAKEOFF,86.33,200.0,29.6,100.595,1.1575,61.12,6508.17,79.86,536.64,5.302,69.39,21.1,25.739,1.681,24.487,18.021,COOLING_DEGRADATION,0.0,1.0,1.0,1.0,1.0,0.0
8.1,TAKEOFF,86.35,202.5,29.59,100.586,1.1575,61.13,6498.46,79.78,537.63,5.323,69.34,21.036,25.728,1.713,24.675,17.774,COOLING_DEGRADATION,0.003,0.998,1.0,1.0,1.0,0.0
8.2,TAKEOFF,86.37,205.0,29.59,100.577,1.1574,61.14,6511.89,79.85,540.83,5.323,68.94,21.151,25.682,1.687,24.693,17.952,COOLING_DEGRADATION,0.007,0.996,1.0,1.0,1.0,0.0
8.3,TAKEOFF,86.38,207.5,29.59,100.568,1.1573,61.15,6513.17,79.87,539.89,5.316,69.49,21.031,25.749,1.603,24.569,18.134,COOLING_DEGRADATION,0.01,0.994,1.0,1.0,1.0,0.0
8.4,TAKEOFF,86.4,210.0,29.58,100.559,1.1572,61.16,6525.05,79.84,539.18,5.354,68.64,21.284,25.699,1.582,24.703,18.136,COOLING_DEGRADATION,0.013,0.992,1.0,1.0,1.0,0.0
8.5,TAKEOFF,86.42,212.5,29.57,100.55,1.1571,61.17,6519.18,79.76,544.23,5.358,69.33,21.078,25.809,1.656,24.603,18.227,COOLING_DEGRADATION,0.017,0.99,1.0,1.0,1.0,0.0
8.6,TAKEOFF,86.43,215.0,29.57,100.541,1.157,61.18,6527.91,79.49,543.18,5.346,69.17,21.138,25.651,1.591,24.604,17.894,COOLING_DEGRADATION,0.02,0.988,1.0,1.0,1.0,0.0
8.7,TAKEOFF,86.45,217.5,29.57,100.532,1.1569,61.19,6517.18,80.67,543.98,5.365,68.88,21.032,25.733,1.666,24.565,18.058,COOLING_DEGRADATION,0.023,0.986,1.0,1.0,1.0,0.0
8.8,TAKEOFF,86.47,220.0,29.56,100.523,1.1569,61.2,6516.01,79.48,543.14,5.365,69.59,20.919,25.661,1.684,24.575,17.979,COOLING_DEGRADATION,0.027,0.984,1.0,1.0,1.0,0.0
8.9,TAKEOFF,86.48,222.5,29.55,100.514,1.1568,61.21,6536.14,80.01,544.36,5.317,69.16,21.159,25.809,1.6,24.558,18.0,COOLING_DEGRADATION,0.03,0.982,1.0,1.0,1.0,0.0
9.0,TAKEOFF,86.5,225.0,29.55,100.504,1.1567,61.23,6536.91,80.18,544.49,5.337,69.18,21.233,25.736,1.658,24.549,17.958,COOLING_DEGRADATION,0.033,0.98,1.0,1.0,1.0,0.0
9.1,TAKEOFF,86.52,227.5,29.55,100.495,1.1566,61.24,6536.6,79.8,548.02,5.318,69.18,21.091,25.68,1.62,24.636,18.134,COOLING_DEGRADATION,0.037,0.978,1.0,1.0,1.0,0.0
9.2,TAKEOFF,86.53,230.0,29.54,100.486,1.1565,61.25,6538.42,79.65,549.46,5.382,69.53,21.388,25.72,1.644,24.667,17.877,COOLING_DEGRADATION,0.04,0.976,1.0,1.0,1.0,0.0
9.3,TAKEOFF,86.55,232.5,29.54,100.477,1.1564,61.26,6540.21,80.41,547.96,5.417,69.31,21.21,25.821,1.668,24.592,18.164,COOLING_DEGRADATION,0.043,0.974,1.0,1.0,1.0,0.0
9.4,TAKEOFF,86.57,235.0,29.53,100.468,1.1563,61.27,6551.34,80.62,551.81,5.362,69.62,21.075,25.738,1.579,24.539,18.025,COOLING_DEGRADATION,0.047,0.972,1.0,1.0,1.0,0.0
9.5,TAKEOFF,86.58,237.5,29.53,100.459,1.1563,61.28,6547.26,80.55,551.81,5.351,69.16,21.214,25.634,1.613,24.53,17.833,COOLING_DEGRADATION,0.05,0.97,1.0,1.0,1.0,0.0
9.6,TAKEOFF,86.6,240.0,29.52,100.45,1.1562,61.29,6556.77,80.01,549.95,5.338,69.45,21.148,25.76,1.592,24.692,17.966,COOLING_DEGRADATION,0.053,0.968,1.0,1.0,1.0,0.0
9.7,TAKEOFF,86.62,242.5,29.52,100.441,1.1561,61.3,6550.02,78.74,550.9,5.4,69.19,21.165,25.69,1.686,24.675,17.98,COOLING_DEGRADATION,0.057,0.966,1.0,1.0,1.0,0.0
9.8,TAKEOFF,86.63,245.0,29.51,100.432,1.156,61.31,6553.74,79.57,552.35,5.345,69.35,21.077,25.762,1.678,24.625,18.145,COOLING_DEGRADATION,0.06,0.964,1.0,1.0,1.0,0.0
9.9,TAKEOFF,86.65,247.5,29.51,100.423,1.1559,61.32,6562.39,79.81,553.18,5.358,68.72,21.282,25.7,1.68,24.568,18.235,COOLING_DEGRADATION,0.063,0.962,1.0,1.0,1.0,0.0
10.0,TAKEOFF,86.67,250.0,29.5,100.414,1.1558,61.33,6566.73,79.84,556.3,5.363,69.05,21.066,25.66,1.721,24.533,17.982,COOLING_DEGRADATION,0.067,0.96,1.0,1.0,1.0,0.0
10.1,TAKEOFF,86.68,252.5,29.5,100.405,1.1557,61.34,6560.32,81.23,552.95,5.41,69.79,20.979,25.768,1.579,24.811,18.13,COOLING_DEGRADATION,0.07,0.958,1.0,1.0,1.0,0.0
10.2,TAKEOFF,86.7,255.0,29.49,100.396,1.1557,61.36,6566.14,80.2,555.63,5.377,69.1,21.142,25.749,1.558,24.64,17.955,COOLING_DEGRADATION,0.073,0.956,1.0,1.0,1.0,0.0
10.3,TAKEOFF,86.72,257.5,29.48,100.387,1.1556,61.37,6569.22,79.57,554.8,5.375,69.12,21.262,25.715,1.527,24.599,18.067,COOLING_DEGRADATION,0.077,0.954,1.0,1.0,1.0,0.0
10.4,TAKEOFF,86.73,260.0,29.48,100.377,1.1555,61.38,6557.52,79.36,557.11,5.357,68.89,21.133,25.777,1.641,24.636,18.115,COOLING_DEGRADATION,0.08,0.952,1.0,1.0,1.0,0.0
10.5,TAKEOFF,86.75,262.5,29.48,100.368,1.1554,61.39,6564.86,80.03,556.89,5.341,69.28,21.186,25.743,1.557,24.624,18.096,COOLING_DEGRADATION,0.083,0.95,1.0,1.0,1.0,0.0
10.6,TAKEOFF,86.77,265.0,29.47,100.359,1.1553,61.4,6564.88,79.02,560.45,5.369,68.81,21.106,25.633,1.739,24.628,17.971,COOLING_DEGRADATION,0.087,0.948,1.0,1.0,1.0,0.0
10.7,TAKEOFF,86.78,267.5,29.46,100.35,1.1552,61.41,6563.39,80.86,558.86,5.395,68.69,21.122,25.755,1.591,24.627,18.18,COOLING_DEGRADATION,0.09,0.946,1.0,1.0,1.0,0.0
10.8,TAKEOFF,86.8,270.0,29.46,100.341,1.1551,61.42,6575.6,81.66,560.6,5.415,69.01,21.193,25.79,1.628,24.626,18.055,COOLING_DEGRADATION,0.093,0.944,1.0,1.0,1.0,0.0
10.9,TAKEOFF,86.82,272.5,29.46,100.332,1.1551,61.43,6572.57,80.52,560.79,5.389,68.69,21.122,25.697,1.583,24.668,18.092,COOLING_DEGRADATION,0.097,0.942,1.0,1.0,1.0,0.0
11.0,TAKEOFF,86.83,275.0,29.45,100.323,1.155,61.44,6565.61,79.8,560.78,5.391,68.99,21.376,25.754,1.669,24.642,17.932,COOLING_DEGRADATION,0.1,0.94,1.0,1.0,1.0,0.0
11.1,TAKEOFF,86.85,277.5,29.45,100.314,1.1549,61.45,6579.05,80.38,563.27,5.405,68.62,21.319,25.755,1.676,24.546,18.01,COOLING_DEGRADATION,0.103,0.938,1.0,1.0,1.0,0.0
11.2,TAKEOFF,86.87,280.0,29.44,100.305,1.1548,61.46,6584.01,78.87,564.04,5.36,68.95,21.26,25.677,1.65,24.62,18.13,COOLING_DEGRADATION,0.107,0.936,1.0,1.0,1.0,0.0
11.3,TAKEOFF,86.88,282.5,29.44,100.296,1.1547,61.47,6577.19,80.5,563.9,5.398,68.64,21.27,25.896,1.709,24.574,18.315,COOLING_DEGRADATION,0.11,0.934,1.0,1.0,1.0,0.0
11.4,TAKEOFF,86.9,285.0,29.43,100.287,1.1546,61.48,6572.0,79.69,564.41,5.406,69.15,21.142,25.825,1.575,24.579,17.974,COOLING_DEGRADATION,0.113,0.932,1.0,1.0,1.0,0.0
11.5,TAKEOFF,86.92,287.5,29.43,100.278,1.1546,61.5,6584.01,80.25,565.74,5.357,69.28,21.198,25.765,1.651,24.54,18.166,COOLING_DEGRADATION,0.117,0.93,1.0,1.0,1.0,0.0
